"","year","pop"
"1",2010,1234281163
"2",2011,1250287939
"3",2012,1265780243
"4",2013,1280842119
"5",2014,1295600768
"6",2015,1310152392
"7",2016,1324517250
"8",2017,1338676779
"9",2018,1352642283
"10",2019,1366417756
"11",2020,1343036507.50318
"12",2021,1355814492.18367
"13",2022,1368512058.85369
"14",2023,1380493069.85086
"15",2024,1391749332.72607
"16",2025,1402909135.52499
"17",2026,1413963456.53393
"18",2027,1424915121.03465
"19",2028,1435168081.2722
"20",2029,1444703906.47351
"21",2030,1454093688.46393
"22",2031,1463323046.39933
