"","year","pop"
"1",2010,1234281163
"2",2011,1250287939
"3",2012,1265780243
"4",2013,1280842119
"5",2014,1295600768
"6",2015,1310152392
"7",2016,1324517250
"8",2017,1338676779
"9",2018,1352642283
"10",2019,1366417756
"11",2020,1343036507.50318
"12",2021,1355814492.18367
"13",2022,1368512058.85369
"14",2023,1380493069.85086
"15",2024,1391749332.72607
"16",2025,1402909135.52499
"17",2026,1413963456.53393
"18",2027,1424915121.03465
"19",2028,1435168081.2722
"20",2029,1444703906.47351
"21",2030,1454093688.46393
"22",2031,1463323046.39933
"23",2032,1472391229.48584
"24",2033,1480804402.10625
"25",2034,1488540276.74975
"26",2035,1496050139.38652
"27",2036,1503317923.22516
"28",2037,1510352777.74237
"29",2038,1516615320.47293
"30",2039,1522127187.16598
"31",2040,1527424753.93111
"32",2041,1532516095.39474
"33",2042,1537398790.20652
"34",2043,1541472431.26662
"35",2044,1544767466.65415
"36",2045,1547938593.49506
"37",2046,1550986987.73948
"38",2047,1553923306.63802
"39",2048,1555962809.89042
"40",2049,1557120861.54251
"41",2050,1558203836.53596
"42",2051,1559212786.05422
