"age.group","All interventions in 2050","Baseline in 2020","Baseline in 2050","High-priority interventions in 2050","hpp_aarc (%)","allint_aarc (%)"
"30-49",138.027924276743,131.199465734803,180.451039522752,146.640807910052,0.370891028790646,0.169124033867592
"50-69",657.605649098906,914.497925839113,907.349372981971,711.889509077135,-0.834841614190589,-1.09923255187505
"70-84",2886.32910196781,4522.82906042155,3826.93168929872,3067.30782446082,-1.29445816548984,-1.49717402859548
