"","year","Scenario","age 40","age 60","age 80"
"1",2040,"Baseline",142.981058764119,823.23567670513,5304.99787864485
"2",2040,"High-priority interventions",118.877482943618,651.826967654587,4273.13157732787
"3",2040,"All interventions",112.380858584238,611.135723848227,4022.62679658874
"4",2040,"Frontier mortality 2040",32.2165469907272,369.471759953701,3503.6518551528
