"Code","Intervention","Incremental.cost","Deaths.avert","DALYS.avert","Gross.benefits","Forgone.surplus","BCR","BCR.without.surplus"
5.3,"Tobacco policy",17355419.3893129,120594.031625063,757326.66989552,38897130022.6326,116691390.067898,290.175724287186,2241.20945452834
5.1,"Tobacco tax",7456467.78268613,50134.0734889,315683.977798566,16211770908.8194,48635312.7264582,289.022219684691,2174.18909077338
5.6,"Trans fat policy",132650374.901037,158885.973185259,1008525.27558922,49670639097.1628,49670639.0971628,272.435074860067,374.447785271766
5.4,"Alcohol policy",15973611.9035909,52511.2496602489,405356.314419666,20572870000.8709,61718610.0026127,264.799609228684,1287.92849889173
5.2,"Alcohol tax",8699388.44900661,12201.7741209549,94072.0883118191,4775639581.55035,14326918.7446511,207.399282107456,548.962678186383
5.5,"Salt policy",270870773.450857,23497.9862531141,158881.996624184,7801091118.78722,7801091.11878722,27.9938239579174,28.8000474152393
