"wb2023","2030, pkg:High","2030, pkg:High + Medium","2040, pkg:High","2040, pkg:High + Medium","2050, pkg:High","2050, pkg:High + Medium"
"LIC",1.68387887475082,2.71150877315577,3.04273127512029,4.83146622547802,4.61674782407936,7.26733202254789
"LMIC",6.20878752705379,10.0260060849137,9.82002968478976,16.2898576999388,12.9446154667834,21.7613524466215
"UMIC",38.2440567516157,61.4095388427265,51.7868724508713,87.247695619946,61.3472166280889,103.407702534281
"All countries",17.2256778059322,27.6903748221544,23.0104294353088,38.5923721997174,26.8237258692783,45.1073336840518
