"wb2023","Cumulative.deaths.averted","Cumulative.DALYs.averted","Cumulative.incremental.cost","Total.cost.2050","PopTotal","GGHED","Cost.per.capita","Cost.per.GGHED"
"LIC",11514100.9525441,239705258.45826,144998856688.601,16608497425.852,1201459503,27998507404.0025,13.8236015316215,0.593192243650737
"LMIC",99995662.963951,1633904504.41141,1702170046299.93,198035161217.745,4428634572,722794887652.545,44.7169794658202,0.273985282132963
"UMIC",69968708.1029699,862792297.265512,3584451057856.83,492512192592.199,2546142713,2513346050901.51,193.434637452783,0.195958766766534
"All countries",181478472.019465,2736402060.13518,5431619960845.36,707155851235.797,8176236788,3264139445958.06,86.4891599364718,0.216643885147572
