"HLI_group","Cumulative.deaths.averted","Cumulative.DALYs.averted","Cumulative.incremental.cost","Total.cost.2030","PopTotal","GGHED","Cost.per.capita","Cost.per.GGHED"
"China",8317671.90550089,65490449.2482456,104930101397.375,80484843669.7735,1464340150,729999763132.969,54.9632158004911,0.110253246281004
"Eurasia and the Mediterranean",11148994.1768922,113967303.228485,74464299200.3405,39700836913.498,2029462670,301489649927.723,19.5622405380327,0.131682254840309
"India",8955710.05099348,100009954.330926,36535657703.9503,13767391017.3341,1503642327,69426501929.8275,9.15602784659713,0.198301666289473
"Latin America and the Caribbean",1710868.03001084,19043492.0384195,19879631661.1579,16910113552.4268,664568078,260288247878.587,25.44526905854,0.0649668730349848
"Sub-Saharan Africa",3389357.57868058,50521099.3658081,21713064189.5401,7767059772.67293,1417320309,42366755526.7855,5.48010193839178,0.183329114445933
