"wb2023","Cumulative.deaths.averted","Cumulative.DALYs.averted","Cumulative.incremental.cost","Total.cost.2050","PopTotal","GGHED","Cost.per.capita","Cost.per.GGHED"
"LIC",8845951.57427862,181020464.04251,50559332827.5106,5546835546.19472,1201459503,27998507404.0025,4.61674782407936,0.198111830254272
"LMIC",82162426.8186862,1339325000.24658,468762529079.285,57326971577.4427,4428634572,722794887652.545,12.9446154667834,0.0793129178924137
"UMIC",151289361.18444,649080390.657691,830506330332.56,156633341834.008,2553226543,2520881501511.28,61.3472166280889,0.0621343532966961
"All countries",242297739.577405,2169425854.94678,1349828192239.36,219507148957.645,8183320618,3271674896567.83,26.8237258692783,0.0670932032971615
