"wb2023","Cumulative.deaths.averted","Cumulative.DALYs.averted","Cumulative.incremental.cost","Total.cost.2050","PopTotal","GGHED","Cost.per.capita","Cost.per.GGHED"
"LIC",11514100.9525441,239705258.45826,144998856688.601,16608497425.852,1201459503,27998507404.0025,13.8236015316215,0.593192243650737
"LMIC",99995662.963951,1633904504.41141,1702170046299.93,198035161217.745,4428634572,722794887652.545,44.7169794658202,0.273985282132963
"UMIC",165701687.724809,865043338.207355,3593791225904.16,493874106218.812,2553226543,2520881501511.28,193.431369250344,0.195913257296201
"All countries",277211451.641304,2738653101.07703,5440960128892.69,708517764862.41,8183320618,3271674896567.83,86.5807167941039,0.21656117654162
