"wb2023","Cumulative.deaths.averted","Cumulative.DALYs.averted","Cumulative.incremental.cost","Total.cost.2050","PopTotal","GGHED","Cost.per.capita","Cost.per.GGHED"
"LIC",8845951.57427862,181020464.04251,50559332827.5106,5546835546.19472,1201459503,27998507404.0025,4.61674782407936,0.198111830254272
"LMIC",82162426.8186862,1339325000.24658,468762529079.285,57326971577.4427,4428634572,722794887652.545,12.9446154667834,0.0793129178924137
"UMIC",54597728.5965352,647282389.366296,828875527651.207,156371773916.467,2546142713,2513346050901.51,61.4151646402498,0.0622165713552968
"All countries",145606106.9895,2167627853.65539,1348197389558,219245581040.105,8176236788,3264139445958.06,26.8149745078181,0.0671679579472604
