"wb2023","2030, pkg:High","2030, pkg:High + Medium","2040, pkg:High","2040, pkg:High + Medium","2050, pkg:High","2050, pkg:High + Medium"
"LIC",1.68387887475082,2.71150877315577,3.04273127512029,4.83146622547802,4.61674782407936,7.26733202254789
"LMIC",6.20878752705379,10.0260060849137,9.82002968478976,16.2898576999388,12.9446154667834,21.7613524466215
"UMIC",38.2620979891793,61.3767492834924,51.8330115362477,87.2595637790405,61.4151646402498,103.451572109154
"All countries",17.2075500223556,27.6391303172436,22.9970139148677,38.5475620370577,26.8149745078181,45.0704840047554
