"HLI_group","Cumulative deaths averted","Cumulative DALYs averted","Cumulative incremental cost","Total cost (2030)","GGHED (2030)","pop","Cost.per.capita2030","Total.cost.percent.GGHED"
"Sub-Saharan Africa",6328337.99544,97815279.3633361,73298284429.6129,24904375520.191,42366755526.7855,1164853928,21.379827050891,0.587828244351771
"India",17381328.7470872,190979420.825172,168109153508.009,58304073074.9171,69426501929.8275,1393409033,41.8427552097813,0.839795632132635
"Latin America and the Caribbean",4785743.06976474,58537207.8864698,150900940024.323,86513186734.6146,260203472371.778,628418402,137.668130753775,0.332482829479711
"Eurasia and the Mediterranean",19212228.9225242,202993954.705146,335691397884.742,154052410811.839,333181910488.931,2009938774,76.6453251236394,0.46236727133767
"China",14656041.8154069,121421825.452213,519300550170.654,259936997665.179,729999763132.969,1412360000,184.044434609575,0.356078194532005
"All countries",62370772.0754269,671829521.065424,1247515652812.55,583802330163.008,1435642492113.59,6610243136,88.3178300936567,0.406648823345649
