"HLI_group","Cumulative deaths averted","Cumulative DALYs averted","Cumulative incremental cost","Total cost (2030)","GGHED (2030)","pop","Cost.per.capita2030","Total.cost.percent.GGHED"
"Latin America and the Caribbean",484618.437265096,7661086.70436924,5807343209.56925,2313362295.27786,6438904049.65492,46658492,49.5807343125847,0.35927888930133
"Sub-Saharan Africa",5794096.6231283,90602438.0434411,61799461334.4709,18904945222.0941,30476094145.4669,1094832568,17.26743044978,0.620320475841095
"India",17381328.7470872,190979420.825172,168109153508.009,58304073074.9171,69426501929.8275,1393409033,41.8427552097813,0.839795632132635
"Eurasia and the Mediterranean",15059329.1408575,164800177.140858,204738310572.486,77343192507.2603,149667512381.707,1517168528,50.97864283358,0.516766740333111
"All countries",38724776.641966,454107797.364466,440570154078.036,156913757682.569,256123379377.05,4052788000,38.7174847740788,0.612649099290424
