"HLI_group","Cumulative deaths averted","Cumulative DALYs averted","Cumulative incremental cost","Total cost (2030)","GGHED (2030)","pop","Cost.per.capita2030","Total.cost.percent.GGHED"
"Sub-Saharan Africa",5701704.82619866,84618411.8537225,28369868869.1922,10123775511.2129,42366755526.7855,1164853928,8.69102577401696,0.238955647779362
"India",16672077.8988321,178297872.346651,63449658174.0898,23631289400.0335,69426501929.8275,1393409033,16.9593341512617,0.340378511708953
"Latin America and the Caribbean",4597031.45341025,54444667.1003327,54694694085.3459,33020819463.8391,260203472371.778,628418402,52.5459142487668,0.126903838610805
"Eurasia and the Mediterranean",17841143.086237,182763256.045436,135514998706.365,68920092662.6333,333181910488.931,1984051729,34.7370442288671,0.206854245362528
"China",14379710.8291042,113948845.319333,199320077742.664,122075015857.875,729999763132.969,1412360000,86.4333568338632,0.167226103381131
"All countries",59198396.8753189,614146576.936602,481412261126.497,257804582060.17,1435642492113.59,6584356091,39.1541068704587,0.179574360243839
